{
	"credit": "Made with Blockbench",
	"textures": {
		"1": "qualityarmory:all/texturedmaterials1",
		"particle": "qualityarmory:all/rgbsheet1"
	},
	"elements": [
		{
			"from": [0, 11.5, 4],
			"to": [5, 12, 4.5625],
			"faces": {
				"north": {"uv": [8, 8, 16, 12], "texture": "#1"},
				"east": {"uv": [8, 8, 16, 12], "texture": "#1"},
				"south": {"uv": [8, 8, 16, 12], "texture": "#1"},
				"west": {"uv": [8, 8, 16, 12], "texture": "#1"},
				"up": {"uv": [8, 8, 16, 12], "texture": "#1"},
				"down": {"uv": [8, 8, 16, 12], "texture": "#1"}
			}
		},
		{
			"from": [2.0625, 11.25, 4],
			"to": [4.0625, 11.75, 4.5625],
			"rotation": {"angle": 45, "axis": "z", "origin": [2.0625, 11.75, 4]},
			"faces": {
				"north": {"uv": [8, 8, 16, 12], "texture": "#1"},
				"east": {"uv": [8, 8, 16, 12], "texture": "#1"},
				"south": {"uv": [8, 8, 16, 12], "texture": "#1"},
				"west": {"uv": [8, 8, 16, 12], "texture": "#1"},
				"up": {"uv": [8, 8, 16, 12], "texture": "#1"},
				"down": {"uv": [8, 8, 16, 12], "texture": "#1"}
			}
		},
		{
			"from": [3.375, 12.5625, 4],
			"to": [5, 13.125, 4.5625],
			"faces": {
				"north": {"uv": [8, 8, 16, 12], "texture": "#1"},
				"east": {"uv": [8, 8, 16, 12], "texture": "#1"},
				"south": {"uv": [8, 8, 16, 12], "texture": "#1"},
				"west": {"uv": [8, 8, 16, 12], "texture": "#1"},
				"up": {"uv": [8, 8, 16, 12], "texture": "#1"},
				"down": {"uv": [8, 8, 16, 12], "texture": "#1"}
			}
		},
		{
			"from": [0.375, 12, 4],
			"to": [0.6875, 12.75, 4.5625],
			"faces": {
				"north": {"uv": [8, 8, 16, 12], "texture": "#1"},
				"east": {"uv": [8, 8, 16, 12], "texture": "#1"},
				"south": {"uv": [8, 8, 16, 12], "texture": "#1"},
				"west": {"uv": [8, 8, 16, 12], "texture": "#1"},
				"up": {"uv": [8, 8, 16, 12], "texture": "#1"},
				"down": {"uv": [8, 8, 16, 12], "texture": "#1"}
			}
		},
		{
			"from": [0.4375, 11.6875, 4],
			"to": [0.75, 12.625, 4.5625],
			"rotation": {"angle": 45, "axis": "z", "origin": [0.4375, 12.625, 4]},
			"faces": {
				"north": {"uv": [8, 8, 16, 12], "texture": "#1"},
				"east": {"uv": [8, 8, 16, 12], "texture": "#1"},
				"south": {"uv": [8, 8, 16, 12], "texture": "#1"},
				"west": {"uv": [8, 8, 16, 12], "texture": "#1"},
				"up": {"uv": [8, 8, 16, 12], "texture": "#1"},
				"down": {"uv": [8, 8, 16, 12], "texture": "#1"}
			}
		},
		{
			"from": [5.0625, 12.55, 3.8125],
			"to": [8.0625, 13.45, 4.75],
			"faces": {
				"north": {"uv": [0, 0, 7, 4], "texture": "#1"},
				"east": {"uv": [0, 0, 7, 4], "texture": "#1"},
				"south": {"uv": [0, 0, 7, 4], "texture": "#1"},
				"west": {"uv": [0, 0, 7, 4], "texture": "#1"},
				"up": {"uv": [0, 0, 7, 4], "texture": "#1"},
				"down": {"uv": [0, 0, 7, 4], "texture": "#1"}
			}
		},
		{
			"from": [5.5, 12, 3.8125],
			"to": [6.5, 12.9, 4.75],
			"faces": {
				"north": {"uv": [0, 0, 7, 4], "texture": "#1"},
				"east": {"uv": [0, 0, 7, 4], "texture": "#1"},
				"south": {"uv": [0, 0, 7, 4], "texture": "#1"},
				"west": {"uv": [0, 0, 7, 4], "texture": "#1"},
				"up": {"uv": [0, 0, 7, 4], "texture": "#1"},
				"down": {"uv": [0, 0, 7, 4], "texture": "#1"}
			}
		},
		{
			"from": [7.1, 12, 3.8125],
			"to": [8.1, 12.9, 4.75],
			"rotation": {"angle": 0, "axis": "y", "origin": [1, 0, 0]},
			"faces": {
				"north": {"uv": [0, 0, 7, 4], "texture": "#1"},
				"east": {"uv": [0, 0, 7, 4], "texture": "#1"},
				"south": {"uv": [0, 0, 7, 4], "texture": "#1"},
				"west": {"uv": [0, 0, 7, 4], "texture": "#1"},
				"up": {"uv": [0, 0, 7, 4], "texture": "#1"},
				"down": {"uv": [0, 0, 7, 4], "texture": "#1"}
			}
		},
		{
			"from": [7.0625, 11.375, 3.5],
			"to": [8.9375, 12.4375, 5],
			"faces": {
				"north": {"uv": [0, 0, 7, 4], "texture": "#1"},
				"east": {"uv": [0, 0, 7, 4], "texture": "#1"},
				"south": {"uv": [0, 0, 7, 4], "texture": "#1"},
				"west": {"uv": [0, 0, 7, 4], "texture": "#1"},
				"up": {"uv": [0, 0, 7, 4], "texture": "#1"},
				"down": {"uv": [0, 0, 7, 4], "texture": "#1"}
			}
		},
		{
			"from": [8.0625, 12.5, 3.875],
			"to": [9.3125, 13.5, 4.6875],
			"faces": {
				"north": {"uv": [8, 8, 16, 12], "texture": "#1"},
				"east": {"uv": [8, 8, 16, 12], "texture": "#1"},
				"south": {"uv": [8, 8, 16, 12], "texture": "#1"},
				"west": {"uv": [8, 8, 16, 12], "texture": "#1"},
				"up": {"uv": [8, 8, 16, 12], "texture": "#1"},
				"down": {"uv": [8, 8, 16, 12], "texture": "#1"}
			}
		},
		{
			"from": [10.8, 12.75, 3.5],
			"to": [11.1, 13.05, 4.4375],
			"rotation": {"angle": 0, "axis": "y", "origin": [-1, 0, 0]},
			"faces": {
				"north": {"uv": [8, 8, 16, 12], "texture": "#1"},
				"east": {"uv": [8, 8, 16, 12], "texture": "#1"},
				"south": {"uv": [8, 8, 16, 12], "texture": "#1"},
				"west": {"uv": [8, 8, 16, 12], "texture": "#1"},
				"up": {"uv": [8, 8, 16, 12], "texture": "#1"},
				"down": {"uv": [8, 8, 16, 12], "texture": "#1"}
			}
		},
		{
			"from": [9.3125, 12.5, 3.8125],
			"to": [14, 13.375, 4.75],
			"faces": {
				"north": {"uv": [8, 8, 16, 12], "texture": "#1"},
				"east": {"uv": [8, 8, 16, 12], "texture": "#1"},
				"south": {"uv": [8, 8, 16, 12], "texture": "#1"},
				"west": {"uv": [8, 8, 16, 12], "texture": "#1"},
				"up": {"uv": [8, 8, 16, 12], "texture": "#1"},
				"down": {"uv": [8, 8, 16, 12], "texture": "#1"}
			}
		},
		{
			"from": [8.9375, 11.4375, 3.5],
			"to": [14.625, 12.5, 5],
			"faces": {
				"north": {"uv": [8, 8, 16, 12], "texture": "#1"},
				"east": {"uv": [8, 8, 16, 12], "texture": "#1"},
				"south": {"uv": [8, 8, 16, 12], "texture": "#1"},
				"west": {"uv": [8, 8, 16, 12], "texture": "#1"},
				"up": {"uv": [8, 8, 16, 12], "texture": "#1"},
				"down": {"uv": [8, 8, 16, 12], "texture": "#1"}
			}
		},
		{
			"from": [13, 10.1875, 3.75],
			"to": [13.375, 11.5625, 4.75],
			"rotation": {"angle": 22.5, "axis": "z", "origin": [13, 11.5625, 3.75]},
			"faces": {
				"north": {"uv": [8, 8, 16, 12], "texture": "#1"},
				"east": {"uv": [8, 8, 16, 12], "texture": "#1"},
				"south": {"uv": [8, 8, 16, 12], "texture": "#1"},
				"west": {"uv": [8, 8, 16, 12], "texture": "#1"},
				"up": {"uv": [8, 8, 16, 12], "texture": "#1"},
				"down": {"uv": [8, 8, 16, 12], "texture": "#1"}
			}
		},
		{
			"from": [13.4375, 9.625, 3.75],
			"to": [14.375, 11.5625, 4.75],
			"rotation": {"angle": 22.5, "axis": "z", "origin": [13.4375, 11.5625, 3.75]},
			"faces": {
				"north": {"uv": [8, 8, 16, 12], "texture": "#1"},
				"east": {"uv": [8, 8, 16, 12], "texture": "#1"},
				"south": {"uv": [8, 8, 16, 12], "texture": "#1"},
				"west": {"uv": [8, 8, 16, 12], "texture": "#1"},
				"up": {"uv": [8, 8, 16, 12], "texture": "#1"},
				"down": {"uv": [8, 8, 16, 12], "texture": "#1"}
			}
		},
		{
			"from": [10.6875, 9.625, 3.75],
			"to": [12.125, 12, 4.75],
			"rotation": {"angle": -22.5, "axis": "z", "origin": [10.6875, 12, 3.75]},
			"faces": {
				"north": {"uv": [8, 8, 16, 12], "texture": "#1"},
				"east": {"uv": [8, 8, 16, 12], "texture": "#1"},
				"south": {"uv": [8, 8, 16, 12], "texture": "#1"},
				"west": {"uv": [8, 8, 16, 12], "texture": "#1"},
				"up": {"uv": [8, 8, 16, 12], "texture": "#1"},
				"down": {"uv": [8, 8, 16, 12], "texture": "#1"}
			}
		},
		{
			"from": [5, 11.375, 3.5],
			"to": [7.0625, 12.375, 5],
			"faces": {
				"north": {"uv": [0, 0, 7, 4], "texture": "#1"},
				"east": {"uv": [0, 0, 7, 4], "texture": "#1"},
				"south": {"uv": [0, 0, 7, 4], "texture": "#1"},
				"west": {"uv": [0, 0, 7, 4], "texture": "#1"},
				"up": {"uv": [0, 0, 7, 4], "texture": "#1"},
				"down": {"uv": [0, 0, 7, 4], "texture": "#1"}
			}
		},
		{
			"from": [14.125, 9.5, 3.75],
			"to": [15.125, 9.75, 4.75],
			"rotation": {"angle": 22.5, "axis": "z", "origin": [14.125, 9.75, 3.75]},
			"faces": {
				"north": {"uv": [8, 8, 16, 12], "texture": "#1"},
				"east": {"uv": [8, 8, 16, 12], "texture": "#1"},
				"south": {"uv": [8, 8, 16, 12], "texture": "#1"},
				"west": {"uv": [8, 8, 16, 12], "texture": "#1"},
				"up": {"uv": [8, 8, 16, 12], "texture": "#1"},
				"down": {"uv": [8, 8, 16, 12], "texture": "#1"}
			}
		},
		{
			"from": [10.25, 8.3125, 3.75],
			"to": [11.6875, 10.4375, 4.75],
			"rotation": {"angle": -45, "axis": "z", "origin": [10.25, 10.4375, 3.75]},
			"faces": {
				"north": {"uv": [8, 8, 16, 12], "texture": "#1"},
				"east": {"uv": [8, 8, 16, 12], "texture": "#1"},
				"south": {"uv": [8, 8, 16, 12], "texture": "#1"},
				"west": {"uv": [8, 8, 16, 12], "texture": "#1"},
				"up": {"uv": [8, 8, 16, 12], "texture": "#1"},
				"down": {"uv": [8, 8, 16, 12], "texture": "#1"}
			}
		},
		{
			"from": [13.5625, 12, 3.8125],
			"to": [14.0625, 13, 4.75],
			"rotation": {"angle": 45, "axis": "z", "origin": [13.5625, 13, 3.8125]},
			"faces": {
				"north": {"uv": [8, 8, 16, 12], "texture": "#1"},
				"east": {"uv": [8, 8, 16, 12], "texture": "#1"},
				"south": {"uv": [8, 8, 16, 12], "texture": "#1"},
				"west": {"uv": [8, 8, 16, 12], "texture": "#1"},
				"up": {"uv": [8, 8, 16, 12], "texture": "#1"},
				"down": {"uv": [8, 8, 16, 12], "texture": "#1"}
			}
		},
		{
			"from": [13.2, 12.5, 4.05],
			"to": [13.6, 13.1, 4.45],
			"rotation": {"angle": 45, "axis": "z", "origin": [13.5625, 14, 3.8125]},
			"faces": {
				"north": {"uv": [8, 8, 16, 12], "texture": "#1"},
				"east": {"uv": [8, 8, 16, 12], "texture": "#1"},
				"south": {"uv": [8, 8, 16, 12], "texture": "#1"},
				"west": {"uv": [8, 8, 16, 12], "texture": "#1"},
				"up": {"uv": [8, 8, 16, 12], "texture": "#1"},
				"down": {"uv": [8, 8, 16, 12], "texture": "#1"}
			}
		},
		{
			"from": [14.5625, 11.625, 3.8125],
			"to": [16, 12.625, 4.8125],
			"faces": {
				"north": {"uv": [0, 0, 7, 4], "texture": "#1"},
				"east": {"uv": [0, 0, 7, 4], "texture": "#1"},
				"south": {"uv": [0, 0, 7, 4], "texture": "#1"},
				"west": {"uv": [0, 0, 7, 4], "texture": "#1"},
				"up": {"uv": [0, 0, 7, 4], "texture": "#1"},
				"down": {"uv": [0, 0, 7, 4], "texture": "#1"}
			}
		},
		{
			"from": [15.875, 11.5625, 3.8125],
			"to": [19.5, 12.0625, 4.8125],
			"rotation": {"angle": -22.5, "axis": "z", "origin": [15.875, 12.0625, 3.8125]},
			"faces": {
				"north": {"uv": [0, 0, 7, 4], "texture": "#1"},
				"east": {"uv": [0, 0, 7, 4], "texture": "#1"},
				"south": {"uv": [0, 0, 7, 4], "texture": "#1"},
				"west": {"uv": [0, 0, 7, 4], "texture": "#1"},
				"up": {"uv": [0, 0, 7, 4], "texture": "#1"},
				"down": {"uv": [0, 0, 7, 4], "texture": "#1"}
			}
		},
		{
			"from": [16, 11.875, 3.8125],
			"to": [19.625, 12.375, 4.8125],
			"rotation": {"angle": -22.5, "axis": "z", "origin": [16, 12.375, 3.8125]},
			"faces": {
				"north": {"uv": [0, 0, 7, 4], "texture": "#1"},
				"east": {"uv": [0, 0, 7, 4], "texture": "#1"},
				"south": {"uv": [0, 0, 7, 4], "texture": "#1"},
				"west": {"uv": [0, 0, 7, 4], "texture": "#1"},
				"up": {"uv": [0, 0, 7, 4], "texture": "#1"},
				"down": {"uv": [0, 0, 7, 4], "texture": "#1"}
			}
		},
		{
			"from": [15.6875, 11.375, 3.875],
			"to": [19.3125, 12.5625, 4.75],
			"faces": {
				"north": {"uv": [0, 0, 7, 4], "texture": "#1"},
				"east": {"uv": [0, 0, 7, 4], "texture": "#1"},
				"south": {"uv": [0, 0, 7, 4], "texture": "#1"},
				"west": {"uv": [0, 0, 7, 4], "texture": "#1"},
				"up": {"uv": [0, 0, 7, 4], "texture": "#1"},
				"down": {"uv": [0, 0, 7, 4], "texture": "#1"}
			}
		},
		{
			"from": [18.25, 10.875, 3.875],
			"to": [19.3125, 11.4375, 4.75],
			"faces": {
				"north": {"uv": [0, 0, 7, 4], "texture": "#1"},
				"east": {"uv": [0, 0, 7, 4], "texture": "#1"},
				"south": {"uv": [0, 0, 7, 4], "texture": "#1"},
				"west": {"uv": [0, 0, 7, 4], "texture": "#1"},
				"up": {"uv": [0, 0, 7, 4], "texture": "#1"},
				"down": {"uv": [0, 0, 7, 4], "texture": "#1"}
			}
		},
		{
			"from": [0.4375, 12.625, 4.125],
			"to": [0.6875, 13.6875, 4.5],
			"faces": {
				"north": {"uv": [8, 8, 16, 12], "texture": "#1"},
				"east": {"uv": [8, 8, 16, 12], "texture": "#1"},
				"south": {"uv": [8, 8, 16, 12], "texture": "#1"},
				"west": {"uv": [8, 8, 16, 12], "texture": "#1"},
				"up": {"uv": [8, 8, 16, 12], "texture": "#1"},
				"down": {"uv": [8, 8, 16, 12], "texture": "#1"}
			}
		}
	],
	"display": {
		"thirdperson_righthand": {
			"rotation": [90, -90, 90],
			"translation": [-6.75, -5.25, -8],
			"scale": [1.4, 1.4, 1.4]
		},
		"thirdperson_lefthand": {
			"rotation": [-113, 85, 115],
			"translation": [-7, -3.5, -4.5],
			"scale": [1.4, 1.4, 1.4]
		},
		"firstperson_righthand": {
			"rotation": [0, -95, 0],
			"translation": [-5.67, 0.38, 0.94],
			"scale": [0.85, 1.07, 0.82]
		},
		"firstperson_lefthand": {
			"rotation": [0, 90, 0],
			"translation": [-6, 1.5, 7],
			"scale": [0.85, 1.07, 0.82]
		},
		"ground": {
			"rotation": [0, -7, -41],
			"translation": [-1.89, -3.02, 2.27]
		},
		"gui": {
			"rotation": [-27, 133, 3],
			"translation": [3.4, -3.21, 0]
		},
		"head": {
			"rotation": [-7, 6, -51],
			"translation": [-8.13, -14.36, 12.85],
			"scale": [2, 2, 2]
		},
		"fixed": {
			"rotation": [0, 0, -34],
			"translation": [-3.4, -0.9, 2.8]
		}
	}
}