{
	"credit": "Made with Blockbench",
	"textures": {
		"0": "qualityarmory:all/rgbsheet1",
		"1": "qualityarmory:all/texturedmaterials1",
		"2": "qualityarmory:all/texturedmaterials2",
		"particle": "qualityarmory:all/rgbsheet1"
	},
	"elements": [
		{
			"from": [-3.1125, 9.45, 2.08],
			"to": [-1.2375, 9.85, 2.68],
			"rotation": {"angle": 0, "axis": "y", "origin": [-1, 0, 0]},
			"faces": {
				"north": {"uv": [8, 4, 16, 8], "texture": "#1"},
				"east": {"uv": [8, 4, 16, 8], "texture": "#1"},
				"south": {"uv": [8, 4, 16, 8], "texture": "#1"},
				"west": {"uv": [8, 4, 16, 8], "texture": "#1"},
				"up": {"uv": [8, 4, 16, 8], "texture": "#1"},
				"down": {"uv": [8, 4, 16, 8], "texture": "#1"}
			}
		},
		{
			"from": [-3.2125, 9.45, 2.17],
			"to": [0.6625, 9.85, 2.57],
			"rotation": {"angle": 0, "axis": "y", "origin": [-1, 0, 0]},
			"faces": {
				"north": {"uv": [8, 4, 16, 8], "texture": "#1"},
				"east": {"uv": [8, 4, 16, 8], "texture": "#1"},
				"south": {"uv": [8, 4, 16, 8], "texture": "#1"},
				"west": {"uv": [8, 4, 16, 8], "texture": "#1"},
				"up": {"uv": [8, 4, 16, 8], "texture": "#1"},
				"down": {"uv": [8, 4, 16, 8], "texture": "#1"}
			}
		},
		{
			"from": [-3.1125, 9.35, 2.17],
			"to": [-1.2375, 9.95, 2.57],
			"rotation": {"angle": 0, "axis": "y", "origin": [-1, 0, 0]},
			"faces": {
				"north": {"uv": [8, 4, 16, 8], "texture": "#1"},
				"east": {"uv": [8, 4, 16, 8], "texture": "#1"},
				"south": {"uv": [8, 4, 16, 8], "texture": "#1"},
				"west": {"uv": [8, 4, 16, 8], "texture": "#1"},
				"up": {"uv": [8, 4, 16, 8], "texture": "#1"},
				"down": {"uv": [8, 4, 16, 8], "texture": "#1"}
			}
		},
		{
			"from": [-1.1875, 9.7812, 2],
			"to": [-0.71875, 11.18745, 2.75],
			"faces": {
				"north": {"uv": [8, 4, 16, 8], "texture": "#1"},
				"east": {"uv": [8, 4, 16, 8], "texture": "#1"},
				"south": {"uv": [8, 4, 16, 8], "texture": "#1"},
				"west": {"uv": [8, 4, 16, 8], "texture": "#1"},
				"up": {"uv": [8, 4, 16, 8], "texture": "#1"},
				"down": {"uv": [8, 4, 16, 8], "texture": "#1"}
			}
		},
		{
			"from": [-1.3925, 9, 2.875],
			"to": [5.6075, 10.3125, 3.1125],
			"faces": {
				"north": {"uv": [8, 0, 16, 4], "texture": "#1"},
				"east": {"uv": [8, 0, 16, 4], "texture": "#1"},
				"south": {"uv": [8, 0, 16, 4], "texture": "#1"},
				"west": {"uv": [8, 0, 16, 4], "texture": "#1"},
				"up": {"uv": [8, 0, 16, 4], "texture": "#1"},
				"down": {"uv": [8, 0, 16, 4], "texture": "#1"}
			}
		},
		{
			"from": [-1.3925, 9, 1.615],
			"to": [5.6075, 10.3125, 1.8525],
			"rotation": {"angle": 0, "axis": "y", "origin": [0, 0, -1]},
			"faces": {
				"north": {"uv": [8, 0, 16, 4], "texture": "#1"},
				"east": {"uv": [8, 0, 16, 4], "texture": "#1"},
				"south": {"uv": [8, 0, 16, 4], "texture": "#1"},
				"west": {"uv": [8, 0, 16, 4], "texture": "#1"},
				"up": {"uv": [8, 0, 16, 4], "texture": "#1"},
				"down": {"uv": [8, 0, 16, 4], "texture": "#1"}
			}
		},
		{
			"from": [-1.3925, 8.9375, 1.76],
			"to": [5.6075, 9.175, 2.96],
			"rotation": {"angle": 0, "axis": "x", "origin": [0, 12, -7]},
			"faces": {
				"north": {"uv": [8, 0, 16, 4], "rotation": 180, "texture": "#1"},
				"east": {"uv": [8, 0, 16, 4], "rotation": 270, "texture": "#1"},
				"south": {"uv": [8, 0, 16, 4], "texture": "#1"},
				"west": {"uv": [8, 0, 16, 4], "rotation": 90, "texture": "#1"},
				"up": {"uv": [8, 0, 16, 4], "rotation": 180, "texture": "#1"},
				"down": {"uv": [8, 0, 16, 4], "texture": "#1"}
			}
		},
		{
			"from": [-1.3925, 10.14, 1.76],
			"to": [5.6075, 10.3775, 2.96],
			"rotation": {"angle": 0, "axis": "y", "origin": [0, 13, -7]},
			"faces": {
				"north": {"uv": [8, 0, 16, 4], "rotation": 180, "texture": "#1"},
				"east": {"uv": [8, 0, 16, 4], "rotation": 270, "texture": "#1"},
				"south": {"uv": [8, 0, 16, 4], "texture": "#1"},
				"west": {"uv": [8, 0, 16, 4], "rotation": 90, "texture": "#1"},
				"up": {"uv": [8, 0, 16, 4], "rotation": 180, "texture": "#1"},
				"down": {"uv": [8, 0, 16, 4], "texture": "#1"}
			}
		},
		{
			"from": [3, 8.75, 1.9],
			"to": [3.375, 10.625, 2.9],
			"rotation": {"angle": 0, "axis": "y", "origin": [1, 7, 12]},
			"faces": {
				"north": {"uv": [10, 0, 16, 3], "rotation": 180, "texture": "#1"},
				"east": {"uv": [10, 0, 16, 3], "rotation": 90, "texture": "#1"},
				"south": {"uv": [10, 0, 16, 3], "texture": "#1"},
				"west": {"uv": [10, 0, 16, 3], "rotation": 270, "texture": "#1"},
				"up": {"uv": [10, 0, 16, 3], "texture": "#1"},
				"down": {"uv": [10, 0, 16, 3], "rotation": 180, "texture": "#1"}
			}
		},
		{
			"from": [2, 8.75, 1.9],
			"to": [2.375, 10.625, 2.9],
			"rotation": {"angle": 0, "axis": "y", "origin": [0, 7, 12]},
			"faces": {
				"north": {"uv": [10, 0, 16, 3], "rotation": 180, "texture": "#1"},
				"east": {"uv": [10, 0, 16, 3], "rotation": 90, "texture": "#1"},
				"south": {"uv": [10, 0, 16, 3], "texture": "#1"},
				"west": {"uv": [10, 0, 16, 3], "rotation": 270, "texture": "#1"},
				"up": {"uv": [10, 0, 16, 3], "texture": "#1"},
				"down": {"uv": [10, 0, 16, 3], "rotation": 180, "texture": "#1"}
			}
		},
		{
			"from": [1, 8.75, 1.9],
			"to": [1.375, 10.625, 2.9],
			"rotation": {"angle": 0, "axis": "y", "origin": [-1, 7, 12]},
			"faces": {
				"north": {"uv": [10, 0, 16, 3], "rotation": 180, "texture": "#1"},
				"east": {"uv": [10, 0, 16, 3], "rotation": 90, "texture": "#1"},
				"south": {"uv": [10, 0, 16, 3], "texture": "#1"},
				"west": {"uv": [10, 0, 16, 3], "rotation": 270, "texture": "#1"},
				"up": {"uv": [10, 0, 16, 3], "texture": "#1"},
				"down": {"uv": [10, 0, 16, 3], "rotation": 180, "texture": "#1"}
			}
		},
		{
			"from": [0, 8.75, 1.9],
			"to": [0.375, 10.625, 2.9],
			"rotation": {"angle": 0, "axis": "y", "origin": [-2, 7, 12]},
			"faces": {
				"north": {"uv": [10, 0, 16, 3], "rotation": 180, "texture": "#1"},
				"east": {"uv": [10, 0, 16, 3], "rotation": 90, "texture": "#1"},
				"south": {"uv": [10, 0, 16, 3], "texture": "#1"},
				"west": {"uv": [10, 0, 16, 3], "rotation": 270, "texture": "#1"},
				"up": {"uv": [10, 0, 16, 3], "texture": "#1"},
				"down": {"uv": [10, 0, 16, 3], "rotation": 180, "texture": "#1"}
			}
		},
		{
			"from": [4, 8.75, 1.9],
			"to": [4.375, 10.625, 2.9],
			"rotation": {"angle": 0, "axis": "y", "origin": [2, 7, 12]},
			"faces": {
				"north": {"uv": [10, 0, 16, 3], "rotation": 180, "texture": "#1"},
				"east": {"uv": [10, 0, 16, 3], "rotation": 90, "texture": "#1"},
				"south": {"uv": [10, 0, 16, 3], "texture": "#1"},
				"west": {"uv": [10, 0, 16, 3], "rotation": 270, "texture": "#1"},
				"up": {"uv": [10, 0, 16, 3], "texture": "#1"},
				"down": {"uv": [10, 0, 16, 3], "rotation": 180, "texture": "#1"}
			}
		},
		{
			"from": [4.5, 8.75, 1.9],
			"to": [4.875, 10.625, 2.9],
			"rotation": {"angle": 0, "axis": "y", "origin": [2, 7, 12]},
			"faces": {
				"north": {"uv": [10, 0, 16, 3], "rotation": 180, "texture": "#1"},
				"east": {"uv": [10, 0, 16, 3], "rotation": 90, "texture": "#1"},
				"south": {"uv": [10, 0, 16, 3], "texture": "#1"},
				"west": {"uv": [10, 0, 16, 3], "rotation": 270, "texture": "#1"},
				"up": {"uv": [10, 0, 16, 3], "texture": "#1"},
				"down": {"uv": [10, 0, 16, 3], "rotation": 180, "texture": "#1"}
			}
		},
		{
			"from": [-0.5, 8.75, 1.9],
			"to": [-0.125, 10.625, 2.9],
			"rotation": {"angle": 0, "axis": "y", "origin": [-3, 7, 12]},
			"faces": {
				"north": {"uv": [10, 0, 16, 3], "rotation": 180, "texture": "#1"},
				"east": {"uv": [10, 0, 16, 3], "rotation": 90, "texture": "#1"},
				"south": {"uv": [10, 0, 16, 3], "texture": "#1"},
				"west": {"uv": [10, 0, 16, 3], "rotation": 270, "texture": "#1"},
				"up": {"uv": [10, 0, 16, 3], "texture": "#1"},
				"down": {"uv": [10, 0, 16, 3], "rotation": 180, "texture": "#1"}
			}
		},
		{
			"from": [1.8, 8, 1.8],
			"to": [2.575, 9.875, 3],
			"rotation": {"angle": 0, "axis": "y", "origin": [0, 6, 12]},
			"faces": {
				"north": {"uv": [10, 5, 16, 8], "rotation": 180, "texture": "#1"},
				"east": {"uv": [10, 5, 16, 8], "rotation": 90, "texture": "#1"},
				"south": {"uv": [10, 5, 16, 8], "texture": "#1"},
				"west": {"uv": [10, 5, 16, 8], "rotation": 270, "texture": "#1"},
				"up": {"uv": [10, 5, 16, 8], "texture": "#1"},
				"down": {"uv": [10, 5, 16, 8], "rotation": 180, "texture": "#1"}
			}
		},
		{
			"from": [1.1, 8.5, 1.8],
			"to": [2.6, 9.1, 3],
			"rotation": {"angle": 0, "axis": "y", "origin": [-1, 6, 12]},
			"faces": {
				"north": {"uv": [10, 5, 16, 8], "rotation": 180, "texture": "#1"},
				"east": {"uv": [10, 5, 16, 8], "rotation": 90, "texture": "#1"},
				"south": {"uv": [10, 5, 16, 8], "texture": "#1"},
				"west": {"uv": [10, 5, 16, 8], "rotation": 270, "texture": "#1"},
				"up": {"uv": [10, 5, 16, 8], "texture": "#1"},
				"down": {"uv": [10, 5, 16, 8], "rotation": 180, "texture": "#1"}
			}
		},
		{
			"from": [2.5, 8.75, 1.9],
			"to": [2.875, 10.625, 2.9],
			"rotation": {"angle": 0, "axis": "y", "origin": [0, 7, 12]},
			"faces": {
				"north": {"uv": [10, 0, 16, 3], "rotation": 180, "texture": "#1"},
				"east": {"uv": [10, 0, 16, 3], "rotation": 90, "texture": "#1"},
				"south": {"uv": [10, 0, 16, 3], "texture": "#1"},
				"west": {"uv": [10, 0, 16, 3], "rotation": 270, "texture": "#1"},
				"up": {"uv": [10, 0, 16, 3], "texture": "#1"},
				"down": {"uv": [10, 0, 16, 3], "rotation": 180, "texture": "#1"}
			}
		},
		{
			"from": [1.5, 8.75, 1.9],
			"to": [1.875, 10.625, 2.9],
			"rotation": {"angle": 0, "axis": "y", "origin": [-1, 7, 12]},
			"faces": {
				"north": {"uv": [10, 0, 16, 3], "rotation": 180, "texture": "#1"},
				"east": {"uv": [10, 0, 16, 3], "rotation": 90, "texture": "#1"},
				"south": {"uv": [10, 0, 16, 3], "texture": "#1"},
				"west": {"uv": [10, 0, 16, 3], "rotation": 270, "texture": "#1"},
				"up": {"uv": [10, 0, 16, 3], "texture": "#1"},
				"down": {"uv": [10, 0, 16, 3], "rotation": 180, "texture": "#1"}
			}
		},
		{
			"from": [-0.625, 7.5, 1.8],
			"to": [1.25, 7.875, 3],
			"rotation": {"angle": -22.5, "axis": "z", "origin": [3, 5, 12]},
			"faces": {
				"north": {"uv": [10, 5, 16, 8], "rotation": 270, "texture": "#1"},
				"east": {"uv": [10, 5, 16, 8], "rotation": 90, "texture": "#1"},
				"south": {"uv": [10, 5, 16, 8], "rotation": 270, "texture": "#1"},
				"west": {"uv": [10, 5, 16, 8], "rotation": 270, "texture": "#1"},
				"up": {"uv": [10, 5, 16, 8], "texture": "#1"},
				"down": {"uv": [10, 5, 16, 8], "rotation": 180, "texture": "#1"}
			}
		},
		{
			"from": [0.5, 8.75, 1.9],
			"to": [0.875, 10.625, 2.9],
			"rotation": {"angle": 0, "axis": "y", "origin": [-2, 7, 12]},
			"faces": {
				"north": {"uv": [10, 0, 16, 3], "rotation": 180, "texture": "#1"},
				"east": {"uv": [10, 0, 16, 3], "rotation": 90, "texture": "#1"},
				"south": {"uv": [10, 0, 16, 3], "texture": "#1"},
				"west": {"uv": [10, 0, 16, 3], "rotation": 270, "texture": "#1"},
				"up": {"uv": [10, 0, 16, 3], "texture": "#1"},
				"down": {"uv": [10, 0, 16, 3], "rotation": 180, "texture": "#1"}
			}
		},
		{
			"from": [3.5, 8.75, 1.9],
			"to": [3.875, 10.625, 2.9],
			"rotation": {"angle": 0, "axis": "y", "origin": [1, 7, 12]},
			"faces": {
				"north": {"uv": [10, 0, 16, 3], "rotation": 180, "texture": "#1"},
				"east": {"uv": [10, 0, 16, 3], "rotation": 90, "texture": "#1"},
				"south": {"uv": [10, 0, 16, 3], "texture": "#1"},
				"west": {"uv": [10, 0, 16, 3], "rotation": 270, "texture": "#1"},
				"up": {"uv": [10, 0, 16, 3], "texture": "#1"},
				"down": {"uv": [10, 0, 16, 3], "rotation": 180, "texture": "#1"}
			}
		},
		{
			"from": [6.375, 7.3125, 1.625],
			"to": [8.1688, 9, 3.03125],
			"faces": {
				"north": {"uv": [8, 4, 16, 8], "texture": "#1"},
				"east": {"uv": [8, 4, 16, 8], "texture": "#1"},
				"south": {"uv": [8, 4, 16, 8], "texture": "#1"},
				"west": {"uv": [8, 4, 16, 8], "texture": "#1"},
				"up": {"uv": [8, 4, 16, 8], "texture": "#1"},
				"down": {"uv": [8, 4, 16, 8], "texture": "#1"}
			}
		},
		{
			"from": [5.6875, 9, 1.625],
			"to": [7.3125, 9.875, 3.125],
			"rotation": {"angle": -22.5, "axis": "z", "origin": [5.6875, 9.875, 1.625]},
			"faces": {
				"north": {"uv": [9, 5, 16, 8], "texture": "#1"},
				"east": {"uv": [9, 5, 16, 8], "texture": "#1"},
				"south": {"uv": [9, 5, 16, 8], "texture": "#1"},
				"west": {"uv": [9, 5, 16, 8], "texture": "#1"},
				"up": {"uv": [9, 5, 16, 8], "texture": "#1"},
				"down": {"uv": [9, 5, 16, 8], "texture": "#1"}
			}
		},
		{
			"from": [7.9375, 7.5, 1.625],
			"to": [9.5625, 7.875, 3.125],
			"faces": {
				"north": {"uv": [9, 5, 16, 8], "texture": "#1"},
				"east": {"uv": [9, 5, 16, 8], "texture": "#1"},
				"south": {"uv": [9, 5, 16, 8], "texture": "#1"},
				"west": {"uv": [9, 5, 16, 8], "texture": "#1"},
				"up": {"uv": [9, 5, 16, 8], "texture": "#1"},
				"down": {"uv": [9, 5, 16, 8], "texture": "#1"}
			}
		},
		{
			"from": [8.375, 8.5, 1.625],
			"to": [9.3125, 9.25, 3.125],
			"faces": {
				"north": {"uv": [8, 4, 16, 8], "texture": "#1"},
				"east": {"uv": [8, 4, 16, 8], "texture": "#1"},
				"south": {"uv": [8, 4, 16, 8], "texture": "#1"},
				"west": {"uv": [8, 4, 16, 8], "texture": "#1"},
				"up": {"uv": [8, 4, 16, 8], "texture": "#1"},
				"down": {"uv": [8, 4, 16, 8], "texture": "#1"}
			}
		},
		{
			"from": [9.3125, 8.9688, 1.625],
			"to": [10.3438, 10.18755, 3.125],
			"faces": {
				"north": {"uv": [8, 4, 16, 8], "rotation": 180, "texture": "#1"},
				"east": {"uv": [8, 4, 16, 8], "rotation": 180, "texture": "#1"},
				"south": {"uv": [8, 4, 16, 8], "rotation": 180, "texture": "#1"},
				"west": {"uv": [8, 4, 16, 8], "rotation": 180, "texture": "#1"},
				"up": {"uv": [8, 4, 16, 8], "rotation": 180, "texture": "#1"},
				"down": {"uv": [8, 4, 16, 8], "rotation": 180, "texture": "#1"}
			}
		},
		{
			"from": [5.2812, 9.1562, 1.625],
			"to": [9.4062, 10.09375, 3.03125],
			"faces": {
				"north": {"uv": [8, 4, 16, 8], "texture": "#1"},
				"east": {"uv": [8, 4, 16, 8], "texture": "#1"},
				"south": {"uv": [8, 4, 16, 8], "texture": "#1"},
				"west": {"uv": [8, 4, 16, 8], "texture": "#1"},
				"up": {"uv": [8, 4, 16, 8], "texture": "#1"},
				"down": {"uv": [8, 4, 16, 8], "texture": "#1"}
			}
		},
		{
			"from": [8.2812, 9.1562, 2.07],
			"to": [12.4062, 10.0562, 2.77],
			"rotation": {"angle": 0, "axis": "y", "origin": [3, 0, 0]},
			"faces": {
				"north": {"uv": [8, 4, 16, 8], "texture": "#1"},
				"east": {"uv": [8, 4, 16, 8], "texture": "#1"},
				"south": {"uv": [8, 4, 16, 8], "texture": "#1"},
				"west": {"uv": [8, 4, 16, 8], "texture": "#1"},
				"up": {"uv": [8, 4, 16, 8], "texture": "#1"},
				"down": {"uv": [8, 4, 16, 8], "texture": "#1"}
			}
		},
		{
			"from": [8.2812, 9.1562, 1.98],
			"to": [12.4062, 9.8562, 2.88],
			"rotation": {"angle": 0, "axis": "y", "origin": [3, 0, 0]},
			"faces": {
				"north": {"uv": [8, 4, 16, 8], "texture": "#1"},
				"east": {"uv": [8, 4, 16, 8], "texture": "#1"},
				"south": {"uv": [8, 4, 16, 8], "texture": "#1"},
				"west": {"uv": [8, 4, 16, 8], "texture": "#1"},
				"up": {"uv": [8, 4, 16, 8], "texture": "#1"},
				"down": {"uv": [8, 4, 16, 8], "texture": "#1"}
			}
		},
		{
			"from": [7.25, 10.8, 2.32],
			"to": [7.35, 10.9, 2.42],
			"rotation": {"angle": 0, "axis": "y", "origin": [1, 1, 0]},
			"faces": {
				"north": {"uv": [5, 3, 6, 4], "texture": "#2"},
				"east": {"uv": [5, 3, 6, 4], "texture": "#2"},
				"south": {"uv": [5, 3, 6, 4], "texture": "#2"},
				"west": {"uv": [5, 3, 6, 4], "texture": "#2"},
				"up": {"uv": [5, 3, 6, 4], "texture": "#2"},
				"down": {"uv": [5, 3, 6, 4], "texture": "#2"}
			}
		},
		{
			"from": [6.45, 9.9, 1.9062],
			"to": [7.75, 10.4625, 2.85],
			"faces": {
				"north": {"uv": [10, 9, 16, 12], "texture": "#1"},
				"east": {"uv": [10, 9, 16, 12], "texture": "#1"},
				"south": {"uv": [10, 9, 16, 12], "texture": "#1"},
				"west": {"uv": [10, 9, 16, 12], "texture": "#1"},
				"up": {"uv": [10, 9, 16, 12], "texture": "#1"},
				"down": {"uv": [10, 9, 16, 12], "texture": "#1"}
			}
		},
		{
			"from": [8.45, 9.9, 1.9062],
			"to": [8.75, 10.4625, 2.85],
			"rotation": {"angle": 0, "axis": "y", "origin": [2, 0, 0]},
			"faces": {
				"north": {"uv": [10, 5, 16, 8], "texture": "#1"},
				"east": {"uv": [10, 5, 16, 8], "texture": "#1"},
				"south": {"uv": [10, 5, 16, 8], "texture": "#1"},
				"west": {"uv": [10, 5, 16, 8], "texture": "#1"},
				"up": {"uv": [10, 5, 16, 8], "texture": "#1"},
				"down": {"uv": [10, 5, 16, 8], "texture": "#1"}
			}
		},
		{
			"from": [7.1, 10.3, 2.7625],
			"to": [7.6625, 11.1, 2.8625],
			"rotation": {"angle": 0, "axis": "y", "origin": [5, 1, 9]},
			"faces": {
				"north": {"uv": [10, 9, 16, 12], "texture": "#1"},
				"east": {"uv": [10, 9, 16, 12], "texture": "#1"},
				"south": {"uv": [10, 9, 16, 12], "texture": "#1"},
				"west": {"uv": [10, 9, 16, 12], "texture": "#1"},
				"up": {"uv": [10, 9, 16, 12], "rotation": 270, "texture": "#1"},
				"down": {"uv": [10, 9, 16, 12], "rotation": 90, "texture": "#1"}
			}
		},
		{
			"from": [7.1, 10.3, 1.9],
			"to": [7.6625, 11.1, 2],
			"rotation": {"angle": 0, "axis": "y", "origin": [5, 1, 8]},
			"faces": {
				"north": {"uv": [10, 8, 16, 11], "texture": "#1"},
				"east": {"uv": [10, 8, 16, 11], "texture": "#1"},
				"south": {"uv": [10, 8, 16, 11], "texture": "#1"},
				"west": {"uv": [10, 8, 16, 11], "texture": "#1"},
				"up": {"uv": [10, 8, 16, 11], "rotation": 270, "texture": "#1"},
				"down": {"uv": [10, 8, 16, 11], "rotation": 90, "texture": "#1"}
			}
		},
		{
			"from": [5.9375, 9.9, 1.9062],
			"to": [6.2375, 10.4625, 2.85],
			"faces": {
				"north": {"uv": [10, 5, 16, 8], "texture": "#1"},
				"east": {"uv": [10, 5, 16, 8], "texture": "#1"},
				"south": {"uv": [10, 5, 16, 8], "texture": "#1"},
				"west": {"uv": [10, 5, 16, 8], "texture": "#1"},
				"up": {"uv": [10, 5, 16, 8], "texture": "#1"},
				"down": {"uv": [10, 5, 16, 8], "texture": "#1"}
			}
		},
		{
			"from": [8.9375, 9.9, 1.9062],
			"to": [9.2375, 10.4625, 2.85],
			"rotation": {"angle": 0, "axis": "y", "origin": [3, 0, 0]},
			"faces": {
				"north": {"uv": [10, 5, 16, 8], "texture": "#1"},
				"east": {"uv": [10, 5, 16, 8], "texture": "#1"},
				"south": {"uv": [10, 5, 16, 8], "texture": "#1"},
				"west": {"uv": [10, 5, 16, 8], "texture": "#1"},
				"up": {"uv": [10, 5, 16, 8], "texture": "#1"},
				"down": {"uv": [10, 5, 16, 8], "texture": "#1"}
			}
		},
		{
			"from": [7.9375, 9.9, 1.9062],
			"to": [8.2375, 10.4625, 2.85],
			"rotation": {"angle": 0, "axis": "y", "origin": [2, 0, 0]},
			"faces": {
				"north": {"uv": [10, 5, 16, 8], "texture": "#1"},
				"east": {"uv": [10, 5, 16, 8], "texture": "#1"},
				"south": {"uv": [10, 5, 16, 8], "texture": "#1"},
				"west": {"uv": [10, 5, 16, 8], "texture": "#1"},
				"up": {"uv": [10, 5, 16, 8], "texture": "#1"},
				"down": {"uv": [10, 5, 16, 8], "texture": "#1"}
			}
		},
		{
			"from": [7.1, 11.05, 1.9652],
			"to": [7.6625, 11.15, 2.7989],
			"rotation": {"angle": 0, "axis": "y", "origin": [-2, 1, 0]},
			"faces": {
				"north": {"uv": [8, 8, 16, 12], "texture": "#1"},
				"east": {"uv": [8, 8, 16, 12], "texture": "#1"},
				"south": {"uv": [8, 8, 16, 12], "texture": "#1"},
				"west": {"uv": [8, 8, 16, 12], "texture": "#1"},
				"up": {"uv": [8, 8, 16, 12], "texture": "#1"},
				"down": {"uv": [8, 8, 16, 12], "texture": "#1"}
			}
		},
		{
			"from": [9.3125, 10.1875, 1.9062],
			"to": [10.3438, 10.6563, 2.74995],
			"faces": {
				"north": {"uv": [8, 4, 16, 8], "rotation": 180, "texture": "#1"},
				"east": {"uv": [8, 4, 16, 8], "rotation": 180, "texture": "#1"},
				"south": {"uv": [8, 4, 16, 8], "rotation": 180, "texture": "#1"},
				"west": {"uv": [8, 4, 16, 8], "rotation": 180, "texture": "#1"},
				"up": {"uv": [8, 4, 16, 8], "rotation": 180, "texture": "#1"},
				"down": {"uv": [8, 4, 16, 8], "rotation": 180, "texture": "#1"}
			}
		},
		{
			"from": [8.875, 8.3125, 1.625],
			"to": [10.125, 9.0625, 3.125],
			"rotation": {"angle": 22.5, "axis": "z", "origin": [8.875, 9.0625, 1.625]},
			"faces": {
				"north": {"uv": [8, 4, 16, 8], "texture": "#1"},
				"east": {"uv": [8, 4, 16, 8], "texture": "#1"},
				"south": {"uv": [8, 4, 16, 8], "texture": "#1"},
				"west": {"uv": [8, 4, 16, 8], "texture": "#1"},
				"up": {"uv": [8, 4, 16, 8], "texture": "#1"},
				"down": {"uv": [8, 4, 16, 8], "texture": "#1"}
			}
		},
		{
			"from": [9.0625, 5.625, 1.8125],
			"to": [10.0625, 8.75, 2.9375],
			"rotation": {"angle": 22.5, "axis": "z", "origin": [9.0625, 8.75, 1.8125]},
			"faces": {
				"north": {"uv": [8, 4, 16, 8], "texture": "#1"},
				"east": {"uv": [8, 4, 16, 8], "texture": "#1"},
				"south": {"uv": [8, 4, 16, 8], "texture": "#1"},
				"west": {"uv": [8, 4, 16, 8], "texture": "#1"},
				"up": {"uv": [8, 4, 16, 8], "texture": "#1"},
				"down": {"uv": [8, 4, 16, 8], "texture": "#1"}
			}
		},
		{
			"from": [9.0625, 5.55, 1.8125],
			"to": [10.3625, 5.85, 2.9375],
			"rotation": {"angle": 22.5, "axis": "z", "origin": [9.0625, 7.75, 1.8125]},
			"faces": {
				"north": {"uv": [8, 4, 16, 8], "texture": "#1"},
				"east": {"uv": [8, 4, 16, 8], "texture": "#1"},
				"south": {"uv": [8, 4, 16, 8], "texture": "#1"},
				"west": {"uv": [8, 4, 16, 8], "texture": "#1"},
				"up": {"uv": [8, 4, 16, 8], "texture": "#1"},
				"down": {"uv": [8, 4, 16, 8], "texture": "#1"}
			}
		},
		{
			"from": [11.0625, 9.1875, 1.8125],
			"to": [15.625, 10.25, 3.03125],
			"faces": {
				"north": {"uv": [5, 0, 6, 1], "texture": "#0"},
				"east": {"uv": [5, 0, 6, 1], "texture": "#0"},
				"south": {"uv": [5, 0, 6, 1], "texture": "#0"},
				"west": {"uv": [5, 0, 6, 1], "texture": "#0"},
				"up": {"uv": [5, 0, 6, 1], "texture": "#0"},
				"down": {"uv": [5, 0, 6, 1], "texture": "#0"}
			}
		},
		{
			"from": [12.625, 8.875, 1.8125],
			"to": [16.25, 9.625, 3.03125],
			"rotation": {"angle": -22.5, "axis": "z", "origin": [12.625, 9.625, 1.8125]},
			"faces": {
				"north": {"uv": [6, 0, 7, 1], "texture": "#0"},
				"east": {"uv": [6, 0, 7, 1], "texture": "#0"},
				"south": {"uv": [6, 0, 7, 1], "texture": "#0"},
				"west": {"uv": [6, 0, 7, 1], "texture": "#0"},
				"up": {"uv": [6, 0, 7, 1], "texture": "#0"},
				"down": {"uv": [6, 0, 7, 1], "texture": "#0"}
			}
		},
		{
			"from": [11.0313, 8.875, 1.8125],
			"to": [12.625, 9.625, 3.03125],
			"rotation": {"angle": 0, "axis": "y", "origin": [1, 0, 0]},
			"faces": {
				"north": {"uv": [5, 0, 6, 1], "texture": "#0"},
				"east": {"uv": [5, 0, 6, 1], "texture": "#0"},
				"south": {"uv": [5, 0, 6, 1], "texture": "#0"},
				"west": {"uv": [5, 0, 6, 1], "texture": "#0"},
				"up": {"uv": [5, 0, 6, 1], "texture": "#0"},
				"down": {"uv": [5, 0, 6, 1], "texture": "#0"}
			}
		},
		{
			"from": [13.3125, 9, 1.8125],
			"to": [16, 10, 3.03125],
			"rotation": {"angle": -22.5, "axis": "z", "origin": [13.3125, 10, 1.8125]},
			"faces": {
				"north": {"uv": [5, 0, 6, 1], "texture": "#0"},
				"east": {"uv": [5, 0, 6, 1], "texture": "#0"},
				"south": {"uv": [5, 0, 6, 1], "texture": "#0"},
				"west": {"uv": [5, 0, 6, 1], "texture": "#0"},
				"up": {"uv": [5, 0, 6, 1], "texture": "#0"},
				"down": {"uv": [5, 0, 6, 1], "texture": "#0"}
			}
		},
		{
			"from": [12.3125, 9.0938, 1.8125],
			"to": [14.0938, 9.75005, 3.03125],
			"rotation": {"angle": -22.5, "axis": "z", "origin": [12.3125, 9.75, 1.8125]},
			"faces": {
				"north": {"uv": [6, 0, 7, 1], "texture": "#0"},
				"east": {"uv": [6, 0, 7, 1], "texture": "#0"},
				"south": {"uv": [6, 0, 7, 1], "texture": "#0"},
				"west": {"uv": [6, 0, 7, 1], "texture": "#0"},
				"up": {"uv": [6, 0, 7, 1], "texture": "#0"},
				"down": {"uv": [6, 0, 7, 1], "texture": "#0"}
			}
		},
		{
			"from": [15.375, 7.375, 1.8125],
			"to": [16.0375, 10.375, 3.03125],
			"rotation": {"angle": 0, "axis": "y", "origin": [1, 0, 0]},
			"faces": {
				"north": {"uv": [6, 0, 7, 1], "texture": "#0"},
				"east": {"uv": [6, 0, 7, 1], "texture": "#0"},
				"south": {"uv": [6, 0, 7, 1], "texture": "#0"},
				"west": {"uv": [6, 0, 7, 1], "texture": "#0"},
				"up": {"uv": [6, 0, 7, 1], "texture": "#0"},
				"down": {"uv": [6, 0, 7, 1], "texture": "#0"}
			}
		},
		{
			"from": [11.125, 9.5, 1.625],
			"to": [15.625, 10, 3.21875],
			"rotation": {"angle": 0, "axis": "y", "origin": [1, 0, 0]},
			"faces": {
				"north": {"uv": [6, 0, 7, 1], "texture": "#0"},
				"east": {"uv": [6, 0, 7, 1], "texture": "#0"},
				"south": {"uv": [6, 0, 7, 1], "texture": "#0"},
				"west": {"uv": [6, 0, 7, 1], "texture": "#0"},
				"up": {"uv": [6, 0, 7, 1], "texture": "#0"},
				"down": {"uv": [6, 0, 7, 1], "texture": "#0"}
			}
		},
		{
			"from": [4.61, 8.4, 1.8125],
			"to": [5.8875, 10.3, 2.9375],
			"rotation": {"angle": -22.5, "axis": "z", "origin": [-3, 3, 0]},
			"faces": {
				"north": {"uv": [3, 5, 7, 7], "texture": "#1"},
				"east": {"uv": [3, 5, 7, 7], "texture": "#1"},
				"south": {"uv": [3, 5, 7, 7], "texture": "#1"},
				"west": {"uv": [3, 5, 7, 7], "texture": "#1"},
				"up": {"uv": [3, 5, 7, 7], "texture": "#1"},
				"down": {"uv": [3, 5, 7, 7], "texture": "#1"}
			}
		},
		{
			"from": [6.5695, 6.3, 1.8125],
			"to": [8.007, 9.225, 2.9375],
			"rotation": {"angle": 0, "axis": "z", "origin": [-1, 0, 0]},
			"faces": {
				"north": {"uv": [1, 5, 6, 7], "texture": "#1"},
				"east": {"uv": [1, 5, 6, 7], "texture": "#1"},
				"south": {"uv": [1, 5, 6, 7], "texture": "#1"},
				"west": {"uv": [1, 5, 6, 7], "texture": "#1"},
				"up": {"uv": [1, 5, 6, 7], "texture": "#1"},
				"down": {"uv": [1, 5, 6, 7], "texture": "#1"}
			}
		},
		{
			"from": [6.6875, 8.5, 1.625],
			"to": [8.5625, 9.3125, 3.125],
			"faces": {
				"north": {"uv": [9, 5, 16, 8], "texture": "#1"},
				"east": {"uv": [9, 5, 16, 8], "texture": "#1"},
				"south": {"uv": [9, 5, 16, 8], "texture": "#1"},
				"west": {"uv": [9, 5, 16, 8], "texture": "#1"},
				"up": {"uv": [9, 5, 16, 8], "texture": "#1"},
				"down": {"uv": [9, 5, 16, 8], "texture": "#1"}
			}
		},
		{
			"from": [6.4875, 9.4, 1.5],
			"to": [7.9875, 9.85, 3],
			"rotation": {"angle": 0, "axis": "y", "origin": [0, 1, 0]},
			"faces": {
				"north": {"uv": [0, 5, 7, 8], "texture": "#1"},
				"east": {"uv": [0, 5, 7, 8], "texture": "#1"},
				"south": {"uv": [0, 5, 7, 8], "texture": "#1"},
				"west": {"uv": [0, 5, 7, 8], "texture": "#1"},
				"up": {"uv": [0, 5, 7, 8], "texture": "#1"},
				"down": {"uv": [0, 5, 7, 8], "texture": "#1"}
			}
		},
		{
			"from": [-0.5125, 9.4, 1],
			"to": [0.9875, 10, 1.4],
			"rotation": {"angle": 0, "axis": "y", "origin": [-7, 1, -1]},
			"faces": {
				"north": {"uv": [9, 9, 15, 11], "texture": "#1"},
				"east": {"uv": [9, 9, 15, 11], "texture": "#1"},
				"south": {"uv": [9, 9, 15, 11], "texture": "#1"},
				"west": {"uv": [9, 9, 15, 11], "texture": "#1"},
				"up": {"uv": [9, 9, 15, 11], "texture": "#1"},
				"down": {"uv": [9, 9, 15, 11], "texture": "#1"}
			}
		},
		{
			"from": [-0.5125, 9.5, 0.9],
			"to": [0.9875, 9.9, 1.5],
			"rotation": {"angle": 0, "axis": "y", "origin": [-7, 1, -1]},
			"faces": {
				"north": {"uv": [9, 9, 15, 11], "texture": "#1"},
				"east": {"uv": [9, 9, 15, 11], "texture": "#1"},
				"south": {"uv": [9, 9, 15, 11], "texture": "#1"},
				"west": {"uv": [9, 9, 15, 11], "texture": "#1"},
				"up": {"uv": [9, 9, 15, 11], "texture": "#1"},
				"down": {"uv": [9, 9, 15, 11], "texture": "#1"}
			}
		},
		{
			"from": [-0.9125, 10, 0.9],
			"to": [-0.4125, 10.1, 1.5],
			"rotation": {"angle": 0, "axis": "y", "origin": [-7, 1, -1]},
			"faces": {
				"north": {"uv": [9, 9, 15, 11], "texture": "#1"},
				"east": {"uv": [9, 9, 15, 11], "texture": "#1"},
				"south": {"uv": [9, 9, 15, 11], "texture": "#1"},
				"west": {"uv": [9, 9, 15, 11], "texture": "#1"},
				"up": {"uv": [9, 9, 15, 11], "texture": "#1"},
				"down": {"uv": [9, 9, 15, 11], "texture": "#1"}
			}
		},
		{
			"from": [-0.9125, 9.3, 0.9],
			"to": [-0.4125, 9.4, 1.5],
			"rotation": {"angle": 0, "axis": "y", "origin": [-7, 0, -1]},
			"faces": {
				"north": {"uv": [9, 9, 15, 11], "texture": "#1"},
				"east": {"uv": [9, 9, 15, 11], "texture": "#1"},
				"south": {"uv": [9, 9, 15, 11], "texture": "#1"},
				"west": {"uv": [9, 9, 15, 11], "texture": "#1"},
				"up": {"uv": [9, 9, 15, 11], "texture": "#1"},
				"down": {"uv": [9, 9, 15, 11], "texture": "#1"}
			}
		},
		{
			"from": [-0.9125, 9.4, 0.8],
			"to": [-0.4125, 10, 0.9],
			"rotation": {"angle": 0, "axis": "x", "origin": [-7, 12, -9]},
			"faces": {
				"north": {"uv": [9, 9, 15, 11], "rotation": 180, "texture": "#1"},
				"east": {"uv": [9, 9, 15, 11], "rotation": 270, "texture": "#1"},
				"south": {"uv": [9, 9, 15, 11], "texture": "#1"},
				"west": {"uv": [9, 9, 15, 11], "rotation": 90, "texture": "#1"},
				"up": {"uv": [9, 9, 15, 11], "rotation": 180, "texture": "#1"},
				"down": {"uv": [9, 9, 15, 11], "texture": "#1"}
			}
		},
		{
			"from": [-0.9125, 9.4, 1.4],
			"to": [-0.4125, 10, 1.5],
			"rotation": {"angle": 0, "axis": "y", "origin": [-7, 12, -9]},
			"faces": {
				"north": {"uv": [9, 9, 15, 11], "rotation": 180, "texture": "#1"},
				"east": {"uv": [9, 9, 15, 11], "rotation": 270, "texture": "#1"},
				"south": {"uv": [9, 9, 15, 11], "texture": "#1"},
				"west": {"uv": [9, 9, 15, 11], "rotation": 90, "texture": "#1"},
				"up": {"uv": [9, 9, 15, 11], "rotation": 180, "texture": "#1"},
				"down": {"uv": [9, 9, 15, 11], "texture": "#1"}
			}
		},
		{
			"from": [-0.3, 9.5, 1],
			"to": [1.2, 9.9, 1.4],
			"rotation": {"angle": 0, "axis": "y", "origin": [-7, 1, 0]},
			"faces": {
				"north": {"uv": [9, 9, 15, 11], "texture": "#1"},
				"east": {"uv": [9, 9, 15, 11], "texture": "#1"},
				"south": {"uv": [9, 9, 15, 11], "texture": "#1"},
				"west": {"uv": [9, 9, 15, 11], "texture": "#1"},
				"up": {"uv": [9, 9, 15, 11], "texture": "#1"},
				"down": {"uv": [9, 9, 15, 11], "texture": "#1"}
			}
		},
		{
			"from": [-0.7125, 9.5, 1],
			"to": [0.7875, 9.9, 1.4],
			"rotation": {"angle": 0, "axis": "y", "origin": [-7, 1, 0]},
			"faces": {
				"north": {"uv": [9, 1, 10, 2], "texture": "#0"},
				"east": {"uv": [9, 1, 10, 2], "texture": "#0"},
				"south": {"uv": [9, 1, 10, 2], "texture": "#0"},
				"west": {"uv": [9, 1, 10, 2], "texture": "#0"},
				"up": {"uv": [9, 1, 10, 2], "texture": "#0"},
				"down": {"uv": [9, 1, 10, 2], "texture": "#0"}
			}
		},
		{
			"from": [-0.67, 9.4, 0.87],
			"to": [-0.57, 10, 1.47],
			"rotation": {"angle": 0, "axis": "y", "origin": [-7, 0, 0]},
			"faces": {
				"north": {"uv": [5, 13, 6, 14], "texture": "#0"},
				"east": {"uv": [5, 13, 6, 14], "texture": "#0"},
				"south": {"uv": [5, 13, 6, 14], "texture": "#0"},
				"west": {"uv": [5, 13, 6, 14], "texture": "#0"},
				"up": {"uv": [5, 13, 6, 14], "texture": "#0"},
				"down": {"uv": [5, 13, 6, 14], "texture": "#0"}
			}
		},
		{
			"from": [-1.3375, 9.25, 1.9675],
			"to": [10.0625, 10.05, 2.7675],
			"rotation": {"angle": 0, "axis": "y", "origin": [-2, 0, 0]},
			"faces": {
				"north": {"uv": [8, 4, 16, 8], "texture": "#1"},
				"east": {"uv": [8, 4, 16, 8], "texture": "#1"},
				"south": {"uv": [8, 4, 16, 8], "texture": "#1"},
				"west": {"uv": [8, 4, 16, 8], "texture": "#1"},
				"up": {"uv": [8, 4, 16, 8], "texture": "#1"},
				"down": {"uv": [8, 4, 16, 8], "texture": "#1"}
			}
		},
		{
			"from": [4.5, 9.1, 1.4375],
			"to": [4.875, 10.1, 3.3125],
			"faces": {
				"north": {"uv": [11, 0, 16, 3], "texture": "#1"},
				"east": {"uv": [11, 0, 16, 3], "texture": "#1"},
				"south": {"uv": [11, 0, 16, 3], "texture": "#1"},
				"west": {"uv": [11, 0, 16, 3], "texture": "#1"},
				"up": {"uv": [11, 0, 16, 3], "texture": "#1"},
				"down": {"uv": [11, 0, 16, 3], "texture": "#1"}
			}
		},
		{
			"from": [1.5, 9.1, 1.4375],
			"to": [1.875, 10.1, 3.3125],
			"rotation": {"angle": 0, "axis": "y", "origin": [-3, 0, 0]},
			"faces": {
				"north": {"uv": [11, 0, 16, 3], "texture": "#1"},
				"east": {"uv": [11, 0, 16, 3], "texture": "#1"},
				"south": {"uv": [11, 0, 16, 3], "texture": "#1"},
				"west": {"uv": [11, 0, 16, 3], "texture": "#1"},
				"up": {"uv": [11, 0, 16, 3], "texture": "#1"},
				"down": {"uv": [11, 0, 16, 3], "texture": "#1"}
			}
		},
		{
			"from": [-0.5, 9.1, 1.4375],
			"to": [-0.125, 10.1, 3.3125],
			"rotation": {"angle": 0, "axis": "y", "origin": [-5, 0, 0]},
			"faces": {
				"north": {"uv": [11, 0, 16, 3], "texture": "#1"},
				"east": {"uv": [11, 0, 16, 3], "texture": "#1"},
				"south": {"uv": [11, 0, 16, 3], "texture": "#1"},
				"west": {"uv": [11, 0, 16, 3], "texture": "#1"},
				"up": {"uv": [11, 0, 16, 3], "texture": "#1"},
				"down": {"uv": [11, 0, 16, 3], "texture": "#1"}
			}
		},
		{
			"from": [0.5, 9.1, 1.4375],
			"to": [0.875, 10.1, 3.3125],
			"rotation": {"angle": 0, "axis": "y", "origin": [-4, 0, 0]},
			"faces": {
				"north": {"uv": [11, 0, 16, 3], "texture": "#1"},
				"east": {"uv": [11, 0, 16, 3], "texture": "#1"},
				"south": {"uv": [11, 0, 16, 3], "texture": "#1"},
				"west": {"uv": [11, 0, 16, 3], "texture": "#1"},
				"up": {"uv": [11, 0, 16, 3], "texture": "#1"},
				"down": {"uv": [11, 0, 16, 3], "texture": "#1"}
			}
		},
		{
			"from": [2.5, 9.1, 1.4375],
			"to": [2.875, 10.1, 3.3125],
			"rotation": {"angle": 0, "axis": "y", "origin": [-2, 0, 0]},
			"faces": {
				"north": {"uv": [11, 0, 16, 3], "texture": "#1"},
				"east": {"uv": [11, 0, 16, 3], "texture": "#1"},
				"south": {"uv": [11, 0, 16, 3], "texture": "#1"},
				"west": {"uv": [11, 0, 16, 3], "texture": "#1"},
				"up": {"uv": [11, 0, 16, 3], "texture": "#1"},
				"down": {"uv": [11, 0, 16, 3], "texture": "#1"}
			}
		},
		{
			"from": [3.5, 9.1, 1.4375],
			"to": [3.875, 10.1, 3.3125],
			"rotation": {"angle": 0, "axis": "y", "origin": [-1, 0, 0]},
			"faces": {
				"north": {"uv": [11, 0, 16, 3], "texture": "#1"},
				"east": {"uv": [11, 0, 16, 3], "texture": "#1"},
				"south": {"uv": [11, 0, 16, 3], "texture": "#1"},
				"west": {"uv": [11, 0, 16, 3], "texture": "#1"},
				"up": {"uv": [11, 0, 16, 3], "texture": "#1"},
				"down": {"uv": [11, 0, 16, 3], "texture": "#1"}
			}
		},
		{
			"from": [4, 9.1, 1.4375],
			"to": [4.375, 10.1, 3.3125],
			"faces": {
				"north": {"uv": [10, 0, 16, 3], "texture": "#1"},
				"east": {"uv": [10, 0, 16, 3], "texture": "#1"},
				"south": {"uv": [10, 0, 16, 3], "texture": "#1"},
				"west": {"uv": [10, 0, 16, 3], "texture": "#1"},
				"up": {"uv": [10, 0, 16, 3], "texture": "#1"},
				"down": {"uv": [10, 0, 16, 3], "texture": "#1"}
			}
		},
		{
			"from": [-1, 9.1, 1.4375],
			"to": [-0.625, 10.1, 3.3125],
			"rotation": {"angle": 0, "axis": "y", "origin": [-5, 0, 0]},
			"faces": {
				"north": {"uv": [10, 0, 16, 3], "texture": "#1"},
				"east": {"uv": [10, 0, 16, 3], "texture": "#1"},
				"south": {"uv": [10, 0, 16, 3], "texture": "#1"},
				"west": {"uv": [10, 0, 16, 3], "texture": "#1"},
				"up": {"uv": [10, 0, 16, 3], "texture": "#1"},
				"down": {"uv": [10, 0, 16, 3], "texture": "#1"}
			}
		},
		{
			"from": [0, 9.1, 1.4375],
			"to": [0.375, 10.1, 3.3125],
			"rotation": {"angle": 0, "axis": "y", "origin": [-4, 0, 0]},
			"faces": {
				"north": {"uv": [10, 0, 16, 3], "texture": "#1"},
				"east": {"uv": [10, 0, 16, 3], "texture": "#1"},
				"south": {"uv": [10, 0, 16, 3], "texture": "#1"},
				"west": {"uv": [10, 0, 16, 3], "texture": "#1"},
				"up": {"uv": [10, 0, 16, 3], "texture": "#1"},
				"down": {"uv": [10, 0, 16, 3], "texture": "#1"}
			}
		},
		{
			"from": [1, 9.1, 1.4375],
			"to": [1.375, 10.1, 3.3125],
			"rotation": {"angle": 0, "axis": "y", "origin": [-3, 0, 0]},
			"faces": {
				"north": {"uv": [10, 0, 16, 3], "texture": "#1"},
				"east": {"uv": [10, 0, 16, 3], "texture": "#1"},
				"south": {"uv": [10, 0, 16, 3], "texture": "#1"},
				"west": {"uv": [10, 0, 16, 3], "texture": "#1"},
				"up": {"uv": [10, 0, 16, 3], "texture": "#1"},
				"down": {"uv": [10, 0, 16, 3], "texture": "#1"}
			}
		},
		{
			"from": [2, 9.1, 1.4375],
			"to": [2.375, 10.1, 3.3125],
			"rotation": {"angle": 0, "axis": "y", "origin": [-2, 0, 0]},
			"faces": {
				"north": {"uv": [10, 0, 16, 3], "texture": "#1"},
				"east": {"uv": [10, 0, 16, 3], "texture": "#1"},
				"south": {"uv": [10, 0, 16, 3], "texture": "#1"},
				"west": {"uv": [10, 0, 16, 3], "texture": "#1"},
				"up": {"uv": [10, 0, 16, 3], "texture": "#1"},
				"down": {"uv": [10, 0, 16, 3], "texture": "#1"}
			}
		},
		{
			"from": [3, 9.1, 1.4375],
			"to": [3.375, 10.1, 3.3125],
			"rotation": {"angle": 0, "axis": "y", "origin": [-1, 0, 0]},
			"faces": {
				"north": {"uv": [10, 0, 16, 3], "texture": "#1"},
				"east": {"uv": [10, 0, 16, 3], "texture": "#1"},
				"south": {"uv": [10, 0, 16, 3], "texture": "#1"},
				"west": {"uv": [10, 0, 16, 3], "texture": "#1"},
				"up": {"uv": [10, 0, 16, 3], "texture": "#1"},
				"down": {"uv": [10, 0, 16, 3], "texture": "#1"}
			}
		}
	],
	"display": {
		"thirdperson_righthand": {
			"rotation": [0, -90, -4],
			"translation": [-7.18, -0.57, -0.19],
			"scale": [1.45, 1.2, 1.2]
		},
		"thirdperson_lefthand": {
			"rotation": [-3, 89, 10],
			"translation": [-4.93, 0.37, -1.38],
			"scale": [1.45, 1.2, 1.2]
		},
		"firstperson_righthand": {
			"rotation": [0, -98, 0],
			"translation": [-8.13, 2.46, 3.4]
		},
		"firstperson_lefthand": {
			"rotation": [0, 90, -1],
			"translation": [-3.5, 3.83, 4.8687]
		},
		"ground": {
			"rotation": [0, 0, -38],
			"translation": [-0.38, -3.02, 4.72]
		},
		"gui": {
			"rotation": [14, 143, -35],
			"translation": [2.27, -0.57, -0.19],
			"scale": [1.26, 1.01, 0.88]
		},
		"head": {
			"rotation": [1, -177, -47],
			"translation": [0.38, -16.63, -7.94],
			"scale": [2, 2, 2]
		},
		"fixed": {
			"rotation": [0, 0, -41],
			"translation": [0, -1.5, 8.25],
			"scale": [2.18, 2.37, 1.72]
		}
	}
}